post_primary_key,is_positive
twitter_0735057d44610df6,False
twitter_7c3277bd04c82fa4,False
twitter_d813488c05fa3895,False
twitter_0db5d3adfe5790a7,True
twitter_aa29b185c07e7dda,False
twitter_7a9e55165fdf6d88,True
twitter_bd0f5c96a2340877,True
twitter_abfb4fb99cb8531e,True
twitter_878f58adf18fee0e,False
twitter_64576260a3016229,False
twitter_7b326beaafa0a686,False
twitter_b6241fe00c6ccabd,False
twitter_ca0138aaee9c6261,False
twitter_7777a34ff4a21d0d,False
twitter_11ab0d1c18251423,False
twitter_15388b8f406f036f,False
twitter_da0686b085dd054f,False
twitter_63acacd624329d11,False
twitter_d0e5334347f2f79e,False
twitter_a44817d9f822f56c,False
twitter_ff043027c4aa184a,False
twitter_cc0cbd3094aedb65,False
twitter_166720149b1f6891,False
twitter_34afefe387a213a9,False
twitter_cfb6a196b265ed91,True
twitter_f45b4c1387d7d81d,False
twitter_864ef1fa9d96d53b,False
twitter_a173bee932bf75b3,False
twitter_f589983318d11147,False
twitter_48b57de1f22fa206,False
twitter_86c30be6086b16fe,True
twitter_c97491ba7351aa70,False
twitter_cd913fcb3c7d2c78,True
twitter_9063ffb9c7c5a28f,False
twitter_019ea46e4ee35de7,False
twitter_ae7c09872bc6fe66,False
twitter_d38c0c8966c1a7e2,False
twitter_cbb0b6b3329066bc,False
twitter_72cf4d2146e193c6,False
twitter_87824e7b28308d9a,False
twitter_11e8297d7504a414,True
twitter_ee6dd0a2fc387a44,True
twitter_c4729e30219f5485,False
twitter_ea19d2c1bbd4db3d,False
twitter_135cb82e54764618,True
twitter_876cca67783a5ca4,True
twitter_db811ef9b4fbd2b4,False
twitter_d03986c32df7099c,False
twitter_1087110540f601db,True
twitter_dab05e6ff991f1e6,False
twitter_1d17abb055446f39,False
twitter_01ee2a186796122b,False
twitter_3b341f025594d2ad,False
twitter_6f2aceb89a178e61,False
twitter_566b6db03c66be4e,False
twitter_d7de4c9be816d0de,False
twitter_e916eef42251ec6e,False
twitter_45d045836925cbfe,False
twitter_361723d9dab2330b,False
twitter_5b048148180a5027,False
twitter_3c79eac98fa05287,False
twitter_05ffb51ed38ff21b,False
twitter_280ffca790c5d454,False
twitter_3b06c93d1f3cb2ea,False
twitter_10a5698d537e7c26,False
twitter_5762a4c7cf413b1b,False
twitter_bc2d2d707bb82986,False
twitter_a4a2713f0717b9e5,False
twitter_0011616b8c8f2858,False
twitter_dc47f375e4ee2abb,False
twitter_d9e8db298dc70fef,False
twitter_fc3762cbe022ab71,False
twitter_10e2a2fd36936dea,True
twitter_ee3b7bd11a459d30,False
twitter_9cba0815ecc0cc6a,True
twitter_5636400d051f8f50,False
twitter_978f129acbfd3235,False
twitter_da05c592ee233008,False
twitter_d281f57fa7c94c9a,False
twitter_26ed9c1815d7261f,False
twitter_6b28c1e490fd944a,True
twitter_f2978e0c60d33ed3,True
twitter_3fb8e1b5eb53f3db,False
twitter_c1877a26119b025a,False
twitter_22d65a4ac4a2ba22,True
twitter_852a30aae24271e3,True
twitter_16798347de1fccd4,True
twitter_f46c42cef9a622ad,True
twitter_ad3b4b1f64a64614,True
twitter_2da2a1cded07ea47,True
twitter_f41894f18fc6a8ee,False
twitter_617e2f775227bfc1,False
twitter_9becd110f984beb3,False
twitter_f94a6b2a15f78649,False
twitter_7418fc825671f8e6,False
twitter_ccf299eaff96dd9f,False
twitter_13bc626d37d37bdc,False
twitter_dbdb90481076a969,False
twitter_8648f99e9d9c6af2,False
twitter_2258c4f4ea003a62,False
twitter_cd6e0e7042882585,True
twitter_f17730d99ec6e23b,False
twitter_c31f7d44c8128df7,False
twitter_08185c5d3fd8030a,False
twitter_440c8367e8ece808,False
twitter_241b0927356d956b,False
twitter_95ca7b6cd187db2e,False
twitter_4f6a61d37e74438d,False
twitter_2039bc55cd4241c7,False
twitter_d2f9e341fedcb69e,False
twitter_ce2b07aaad9c7cf2,False
twitter_2941482105d9c8a6,False
twitter_030a527d7b81659f,True
twitter_24e1f6db84ce135c,False
twitter_b823659eb39c8b94,False
twitter_d6225ff45f44898b,False
twitter_6a526f57e3a0f639,False
twitter_fdd9494b697f7bf1,False
twitter_88373b86ab33595e,True
twitter_4725431f9357f6ff,False
twitter_8ff19e6e46668a79,False
twitter_60f04c329bf4217f,False
twitter_0f8c52a34793b74f,False
twitter_f3ddb0fe77267be9,False
twitter_acae0478777ef430,False
twitter_c1053556a7749e1e,False
twitter_c4548cf7bc85a954,False
twitter_d278f5c43b72820d,True
twitter_abbe2d8763d0e7d9,False
twitter_f46736cf602f552e,False
twitter_3d7bfe64432c3d75,False
twitter_97f5e22a855068d6,False
twitter_6a15d2b74e1c8d25,False
twitter_8579350837cb0847,False
twitter_267f15d903cf328c,False
twitter_d5d1a5427c66020f,False
twitter_b510a2b457ca30ae,False
twitter_2c7dcb70561da4c1,False
twitter_b1f768c9f382ed49,False
twitter_1d9aaa48fabbd6da,False
twitter_5f4499e5f32ab920,False
twitter_56b7d4f1d2481b00,False
twitter_ca9e5f7205402d4c,False
twitter_c62f7cfc08690d8a,False
twitter_3fee4c4b1c05a791,False
twitter_dff3ca41a63be528,False
twitter_4475872ef685ccf4,False
twitter_2425837b0de27edc,False
twitter_67abdad0df121886,False
twitter_6aacfddbe681b86a,False
twitter_8e01ab43f9854c52,False
twitter_875d91eedc23279b,False
twitter_6bf706b6fd68b1cf,False
twitter_c74205e74764cb90,False
twitter_9eb1317e0f4f8e71,True
twitter_72e7bf76550a7dbe,False
twitter_dc2f702db931500f,False
twitter_20c16d9b1bbd55fe,False
twitter_9e5dab7a74645c81,False
twitter_5fd2061097498428,False
twitter_2eba901b6b930372,False
twitter_b640b08248e29887,False
twitter_658ddb8b04717e8d,False
twitter_3b8f70c16b06c08f,False
twitter_d10e50e83a80700a,False
twitter_837b444239bedefc,False
twitter_e04e5503e1e801d5,False
twitter_8e040514adc1193d,False
twitter_73a99f9226b3305a,True
twitter_f250c7e14753e694,False
twitter_95ebb5f335b30032,False
twitter_db272f4fa28232c5,False
twitter_ddefaf747be1a836,False
twitter_1b73173284c64711,True
twitter_a838b8f742b96a2e,False
twitter_02795494ebef9f85,False
twitter_f61aa12014ad1069,False
twitter_6f5a815a34f55fb1,False
twitter_ff673fc4a8a2181a,False
twitter_15c8923974de6ebf,False
twitter_c11cc5eee8e09a44,False
twitter_c98d1b4490511b56,False
twitter_8f6d2c257737d812,False
twitter_00e1f7c59a71868f,False
twitter_1b43a0db4e578182,False
twitter_eb8e32d88744e9b7,False
twitter_a92226fbee75267e,False
twitter_4f47ee32b18010fb,False
twitter_345744f036770e84,False
twitter_b20f0b3a21f0fde5,False
twitter_459776580ae64039,False
twitter_d064becff64efa4a,False
twitter_4fea1c97562971b0,False
twitter_01ca1fc9c453cb2d,False
twitter_f243aac99a3af7e0,False
twitter_cdd038b18d231235,False
twitter_ed7cb072cc407eec,False
twitter_b6e147eff8157fc2,False
twitter_db0f38eab7dfcbee,False
twitter_9aa99122e95d22b8,False
twitter_706e7e63a96495a0,False
twitter_db9962fcf6a93039,False
twitter_bd39a48fe35cc05e,False
twitter_ccc070529f5fddb9,False
twitter_7d23966b73cfbb79,False
twitter_beb3da17f9f1f0d0,False
twitter_ef8bd11776b5d467,False
twitter_6c09e22a2758480d,False
twitter_535e14ef0d70e7e0,True
twitter_903b8a53cc4b60ff,False
twitter_15d1bdcce985ccb1,False
twitter_33bc49da6fe43f43,False
twitter_06917bcaf341332e,False
twitter_b5067f4d19da4fec,False
twitter_21babeea97f6b1b3,False
twitter_e575c62205ed115e,False
twitter_4b3d47df850c2b01,False
twitter_365863c2c1c979f0,False
twitter_8572f1febadfcbe0,False
twitter_9c9266775ef1ac50,False
twitter_e0fa704528fe5f43,False
twitter_0f4971f41b9bd54a,True
twitter_56398e491e677dcb,False
twitter_168421b615c18834,False
twitter_b7a4b2144b3c2502,False
twitter_093c8ffee56272a2,False
twitter_44f82233e17519db,False
twitter_dca72e22701bedde,False
twitter_ae69049b5536f53e,False
twitter_bf6811241a5b2b46,True
twitter_519d88e6d530eb0b,False
twitter_f47e6bb49292eeea,False
twitter_301cd33a6aca4155,False
twitter_387b5a5ac651a412,False
twitter_895147f335c5ee01,False
twitter_f3deefe396fe2c30,False
twitter_bd8b11d500bdedf1,False
twitter_2fd3da75aaeabcee,False
twitter_a2c1a9545ee2eddf,False
twitter_4cbb18557d49a4cc,False
twitter_cdc6c2291d56f059,False
twitter_4a98850e3fbc9c56,False
twitter_0a23476644ee5502,True
twitter_4780f8484146dbc1,False
twitter_157de00cef1615e4,False
twitter_7b58bf45052a3dc9,False
twitter_6b1241df6c4812ba,False
twitter_1aca3d26d40808ff,False
twitter_2ff38c3070680b4f,False
twitter_022006aad8f4067b,False
twitter_fda63d7d54e49a3d,False
twitter_10a2d09a7cdeab64,False
twitter_872b1c7b06fc3a0f,False
twitter_a129c443146ff1d4,False
twitter_904c2bb634534ea1,False
twitter_7971301865ab2aa2,False
twitter_77f94d644d4c04ef,False
twitter_3e98d529f88432b5,False
twitter_753c3516012aab58,False
twitter_fd58f55a21938eac,False
twitter_5f179b096af8a683,False
twitter_c3df8a46b6b66172,False
twitter_17bc525786145c3a,False
twitter_187860f4cedb8162,False
twitter_67878eb60547f27c,False
twitter_56c03434a167a58d,False
twitter_7cba16ba7ddb543e,False
twitter_ec41745ddfc701c8,False
twitter_d0fd76a755bcf4b5,False
twitter_1027a38a484d85ff,False
twitter_ac9e84b96dae39b4,False
twitter_fa6f4d5baca4beab,False
twitter_88acf68aed0e2923,False
twitter_14e0e8dce9e0f481,False
twitter_b17699bb9bdcf1c2,False
twitter_39bbae0968c13238,True
twitter_0f341612b946f0ed,False
twitter_51c8b495abc31a2b,False
twitter_3fa95d36f0d54578,False
twitter_9b8b5598c95dbc23,False
twitter_8bab90014ec953c2,False
twitter_b2fc3f8794557077,False
twitter_f3d609e1e08fbb87,False
twitter_b175806e5481013f,False
twitter_478082019be3c7fe,False
twitter_0448931a2ecf1875,False
twitter_8813d879452c4cb4,False
twitter_df56b095c2701bd4,False
twitter_d8d5acd8627b33bc,True
twitter_d92e00f8c4554890,False
twitter_0fc6667e9ac3b4df,False
twitter_6c59101c043d5bb0,False
twitter_7c69c6e534659ef9,False
twitter_f159aa884ecb6144,False
twitter_0775ce958e30c9bd,False
twitter_9ef556231c9dab9f,False
twitter_bfdb0478a4b6b76e,False
twitter_5e0eae372a184d47,False
twitter_6734a7e5a7060364,False
twitter_680d184043afe8b3,False
twitter_c331516bff9cd9e0,False
twitter_2912fb74598a46f3,False
twitter_0d03597fca9b178c,False
twitter_84d793259829d67c,False
twitter_5c17e38373ec16b7,False
twitter_0444b0321cf622e3,False
twitter_20818a41314e8141,False
twitter_22da8c0bd46a08af,False
twitter_18cdc092343da8df,False
twitter_7ef5e7f5e4cd024a,False
twitter_f6888a56ece2a827,False
twitter_9e91ec365c6391d1,False
twitter_face7ad1cef8de78,True
twitter_0a8cfc79cc53853c,False
twitter_2705228d697dd88d,True
twitter_b454a7a8f3e7156f,False
twitter_1e9a44b0d1b5570f,False
twitter_3562cca56e67d978,False
twitter_cb846ad57da99f28,True
bluesky_f2c2cc86dc1dc43d,False
bluesky_442297dfe9cf1f4f,False
bluesky_e71a02b6e391ab41,False
bluesky_455a0a72e9fd95d7,True
bluesky_3733867a6311bc97,False
bluesky_5f3e1a1fbdc47dbe,False
bluesky_a40af6320816efbe,False
bluesky_8ca7b4e58fc6c523,True
bluesky_39e365aa642ffb8d,False
bluesky_13e9efba0726a129,False
bluesky_a01f5a25513ce6af,False
bluesky_5375329583e6b739,False
bluesky_1419396cd3dafae6,False
bluesky_969bdfec787b9de1,False
bluesky_cf1c5a872c789ec6,False
bluesky_2744730f756f0436,False
bluesky_79b16d7977e11bfb,False
bluesky_d9d830c60fd44ceb,False
bluesky_f2f4a6aac1589d63,False
bluesky_a29295867a51a0a4,False
bluesky_9fbe8e66646bc2fa,False
bluesky_97257f49d68790e2,False
bluesky_8b86cf1253c432de,False
bluesky_8a7cdbbe646fbf67,False
bluesky_79e90d970b44a93a,False
bluesky_95b7ed29722a7de0,False
bluesky_3c9581d72d89de0f,False
bluesky_c9847adce785fc72,False
bluesky_d3b33ca10f1b5476,False
bluesky_e47f4e49ccd66939,False
bluesky_6227c02b4dcff9be,True
bluesky_bda2410f90c24cf5,False
bluesky_23d206b34882a34b,False
bluesky_c5b077ca00639c81,False
bluesky_fc9bd742c7b2bcd9,False
bluesky_347b273f1284af83,True
bluesky_ea55d3c5a6a9b0b0,False
bluesky_faeb3066f0d31e20,False
bluesky_0746a69aa4637823,False
bluesky_635b657a4581225e,False
bluesky_47c94f7baa0e1554,False
bluesky_7010c233cf50449b,True
bluesky_b843d694554737a8,False
bluesky_fc6487351674b8cd,False
bluesky_7cb9486071d3fe12,True
bluesky_58155ac214c65a8a,True
bluesky_7f674465e6bc5e98,True
bluesky_f5ac6c63e0d7892c,False
bluesky_8f271404ed751410,False
bluesky_e7fcb6d61144305b,False
bluesky_e9d5ec07c566ceb4,False
bluesky_c7ab0216095d8023,False
bluesky_fd228459bace6f67,False
bluesky_bdbfa25315007bfc,False
bluesky_782a1b5262698c79,False
bluesky_435cc5276d6645b9,False
bluesky_8caf913ecbb474cc,False
bluesky_61fe06ddc6c3cff3,False
bluesky_42d4ebbb11c4b76d,False
bluesky_6f002a9ff11c7582,False
bluesky_2d44747cb3c15640,True
bluesky_e6acf4d0dcff0227,False
bluesky_b4501fac21fed20e,False
bluesky_fc95d46894ef6816,False
bluesky_1a54bc5d45d2edb9,True
bluesky_e38149428d14dde1,False
bluesky_6bb0e1e3acfa35c6,True
bluesky_ea8f8a234574dae9,False
bluesky_eb330edd545f29c4,False
bluesky_1479988d0e30c062,False
bluesky_3afe7e1da2702813,False
bluesky_8801703a94854d8d,False
bluesky_36a02fb92081a21a,False
bluesky_b334d82e7e17f774,False
bluesky_eb4733b9fc9fd7c7,False
bluesky_3ba4421f8f2609c2,False
bluesky_32ade1de5d848c69,False
bluesky_8e893784d47c9458,False
bluesky_7a51b338e86674fb,False
bluesky_787da238eb83a5e2,False
bluesky_5fc8b2cae26b4d32,False
bluesky_0ead629adf6906ef,True
bluesky_57db11f14c9bdeee,False
bluesky_5a5ff3ebfaf808ad,False
bluesky_b4bd1a40068322f1,False
bluesky_a570390d8537896e,False
bluesky_2c128d225558cb4f,False
bluesky_536e471273feec8f,False
bluesky_a5ddfd926b2149cc,False
bluesky_a18e7dbf48e84c5b,False
bluesky_ffad69d74fc8d08d,False
bluesky_85c413b7552b5beb,False
bluesky_dc0161f55983d3df,False
bluesky_c25d54c6e52a0331,False
bluesky_f98a2f65e7068c60,False
bluesky_7b742aff640e4fdf,False
bluesky_f76a53e5a8d04795,False
bluesky_c02de2050421cf77,False
bluesky_8e2f248e25e0f061,False
bluesky_30c3ba2d52543594,False
bluesky_ac707f13d7de7f80,True
bluesky_8e6b77f7c993a473,False
bluesky_33223a1857d3b1b2,False
bluesky_44d6d4a0ddee7145,False
bluesky_06489613fbf5ce01,False
bluesky_4814e308cfd12cfb,False
bluesky_889d90f4fe9f33c9,True
bluesky_27055a978c249d77,False
bluesky_d34859fc421a6204,False
bluesky_f7c388e9d628b2c2,False
bluesky_c762a60076700ae5,False
bluesky_83cfbba3047a1a90,False
bluesky_8cbe7f7c8ca1fc22,False
bluesky_c5c9d3484da74e8f,False
bluesky_2d15d8be45f11c66,False
bluesky_74e09d219d6d9f61,False
bluesky_dd82873900981fde,True
bluesky_0f4b985592b3441f,False
bluesky_64d21917fc45096d,False
bluesky_77a9f046a71f6c5d,False
bluesky_966f0b923175d86a,False
bluesky_48a277693c298f7a,False
bluesky_4607daec223b8614,False
bluesky_16b266b6abf2a2fb,False
bluesky_45015bfeefea9360,False
bluesky_d8268116ced2b257,False
bluesky_705696333c08b5c3,False
bluesky_adbdab7fb0af0a15,False
bluesky_58967e3b6a5e866e,False
bluesky_1f25570a7da2090f,False
bluesky_d04f26afeab9c6c4,False
bluesky_9162cf9342802f84,False
bluesky_98b28932b90d13d8,False
bluesky_7388a1e741ee6e91,False
bluesky_64eae452a5a19cfb,False
bluesky_fb473fdedbf8683a,False
bluesky_987f49dca0840e07,False
bluesky_1841e439549be822,False
bluesky_df7e579ccb5d462a,False
bluesky_eb838fcdc4cc5767,False
bluesky_e6f9e273d8c35073,False
bluesky_acc5c9260339d035,False
bluesky_79594eeab597a220,False
bluesky_18529e897a54fd97,False
bluesky_450f5d6d322054b8,False
bluesky_9c07b045183450d0,False
bluesky_6ab3016e3310a37c,False
bluesky_7354727bf9703b80,False
bluesky_fedf590eaf5c6b46,False
bluesky_0b878b01f62fb5af,False
bluesky_48368257b5f000af,False
bluesky_6017592c0e6a9f75,False
bluesky_ddb2e344209524eb,False
bluesky_fe733b619cab20b1,False
bluesky_c8803cb6d9c99932,False
bluesky_4de7294450a16c62,False
bluesky_6855d8258a8832e7,False
bluesky_83c6f868ee3f8e2c,False
bluesky_3d6fae27146b0c6a,False
bluesky_d1d027d03d99e777,False
reddit_881fdcb47017d064,False
reddit_d9b83db5bc4a087e,False
reddit_22ec5a311dee231a,True
reddit_3de48a4d12375371,True
reddit_e4fce0faf922b189,False
reddit_fb7817bb802d0fce,False
reddit_f3410e211e3b93c7,True
reddit_50165f5eca4105df,False
reddit_3efdd0684c6d2874,False
reddit_f1ab9064acee9ee5,False
reddit_bdb42e4e76906b65,False
reddit_8a2fe66012719a1b,False
reddit_76e3185a16a837de,False
reddit_a62c37fdcf399895,False
reddit_dc86b747cf5b53be,False
reddit_a35a02a4455036c4,False
reddit_c60bfdd76c1716a3,False
reddit_874e07d9cda37822,False
reddit_eb17689bd9083e00,False
reddit_9e2875fb65df6514,False
reddit_615f000a292aa0e4,False
reddit_bf30041212751f6d,False
reddit_53ff356f537b02d3,False
reddit_be799ba2160ae782,False
reddit_d0daa2ab53089740,False
reddit_194ec760e87206f8,False
reddit_cd16de72b65d19c8,False
reddit_d5b0cdddff664d22,False
reddit_dd54a01671019ad7,True
reddit_601756bc11cbed6d,False
reddit_66f04c3cff84029a,False
reddit_4eda9fbeb5dd32fd,False
reddit_e67abd3f177e7458,False
reddit_85cff1024a4f85ec,False
reddit_7e8a0b0cb5ad4b6c,False
reddit_227ea4a2f53753b6,False
reddit_dd874ee55db9f656,False
reddit_c6bacec5ecc3a9b9,False
reddit_7b29156abeb14c6a,False
reddit_338fd9e2bea7183c,False
reddit_d988bd271dee2940,False
reddit_4a120bb64cb74d92,False
reddit_67cf28f659a16c60,True
reddit_a1c6eb47bddda351,False
reddit_6b4477387a97b581,False
reddit_ff0c7cd89907443c,False
reddit_2a5ca88126575ea1,False
reddit_9e8cfea1c86c157d,False
reddit_227442a0e792cb4e,False
reddit_eda45d7733244142,False
reddit_2d4df1fda620613b,False
reddit_2af584e087025927,False
reddit_96250dc22ad25945,False
reddit_faa375cd3d656b4a,False
reddit_20db6e6883fddc89,False
reddit_4f4a863a0d9fc62d,False
reddit_bf800cc907c52c0a,False
reddit_68e921a166d25157,False
reddit_47c98ec31091fe2f,False
reddit_c66bda663865d3d9,False
reddit_2b783fd9e0bd9c77,False
reddit_39397e1e06682050,False
reddit_6b5c388977fd66a0,False
reddit_7e69ebd60a3aca31,True
reddit_d80fd826116650ce,False
reddit_a977b786633ff243,False
reddit_77412bcf9643aec2,False
reddit_aa2d768379c1ccc4,False
reddit_812c5fe8dbaf7fb9,False
reddit_a8ac9f4af3daa6d6,False
reddit_34dd4e9a9a288820,False
reddit_25d61b5002797d46,False
reddit_76b403df8e1a24d2,False
reddit_48ab25058ea388db,False
reddit_545a7132a8f6b829,False
reddit_b018f251429fae6e,False
reddit_a20113e8a1a21733,False
reddit_c430a28926df6577,False
reddit_e2113a9e614a8bab,False
reddit_5a4946bedf0cd92a,False
reddit_f3bee10e7123abfc,False
reddit_e3a331e94ce9f772,False
reddit_f3dd113904cac7b8,False
reddit_500cd4dd7ac74ee2,False
reddit_f207646e38719ed3,False
reddit_c1ac30431d4eee56,False
reddit_b04795c664a10777,False
reddit_1af5029f0933f8f1,False
reddit_d2adc94b333081cb,False
reddit_a6a71b8eda696910,False
reddit_0cfca925b8a458f1,False
reddit_3e5a1c524e4c8a8b,False
reddit_85a771b9c9fc3821,False
reddit_4822ef7225a8c5dc,False
reddit_3a96ce40a42e5567,False
reddit_a46d5a2742fa66fd,False
reddit_f62612ddf1c82442,False
reddit_e6e9b3dbf36c6b5b,False
reddit_75f25e3dbe300057,False
reddit_f87fe83fd188665c,False
reddit_8b09c3d7753e463b,False
reddit_c66b0cb5a9a6b29c,False
reddit_44504da4ca4dd3cc,False
reddit_bc4416d31dffab8c,False
reddit_a20281bd763b8ae7,False
reddit_a8491c8bfabeaacb,True
reddit_268e3382778973c4,False
reddit_fb4b9ade4127e8fd,False
reddit_24a0d7feaaa30684,False
reddit_ff127514cf4c525a,False
reddit_3d405e9f8d6af1ef,False
reddit_d4565afd414ae9e7,False
reddit_4277b6ea5b2b6dc3,False
reddit_6bedb7b50e94f21f,False
reddit_d0477d0a4eb16adc,False
reddit_824b78556ab5fe3d,False
reddit_1bb975d80d80190b,False
reddit_2277b57eae125e5e,False
reddit_93c9ae15ce49f47f,False
reddit_47303b7dfd3f9e66,False
reddit_458a0f3a6900f945,False
reddit_d2e4c87fe7b1fcac,False
reddit_43b4ae5161907888,False
reddit_f4f5331e961e0feb,False
reddit_5dcb00dd1dc0dc54,False
reddit_07edc7dc3846beba,True
reddit_9d0903469290e63e,False
reddit_7036aedb2f5af205,False
reddit_d8a53a07af5268e7,False
reddit_c906ad7eacbfaf17,False
reddit_32074b5528110316,False
reddit_2c1e0ad2b123e4da,False
reddit_eebf0bf614c70f4e,False
reddit_ccb8e45dd77e77e3,False
reddit_d7de096651dd5176,False
reddit_fd556f256518eb01,False
reddit_4ac94af7e5691c65,False
reddit_a2765defd2b7ea99,False
reddit_82563f8f9072f2e1,False
reddit_1faf3dd10393a727,False
reddit_b6225fb7faa8747c,False
reddit_89f38dd1c42874b9,False
reddit_40e8de4157912b82,False
reddit_39524202c2b28763,False
reddit_389a9defd85794b6,False
reddit_33d86cddbe160c94,False
reddit_8adea22cbc46e8f3,False
reddit_f7bbab074b0cc8ba,False
reddit_1642c2a1a37d9325,False
reddit_1f8f00a529f05b63,False
reddit_e53f68b733d8144a,False
reddit_921fe9df2a4bcd3c,False
reddit_2c6ec9ec2db591ab,True
reddit_562e1c13d719d85d,False
reddit_80dfa021f34536f7,False
reddit_55f6a475c72ddd8b,False
reddit_8cdffc7b66104e2c,False
reddit_13e34ea1beef4e01,False
reddit_56e2696e3f8f17c8,False
reddit_47a43527f42a4d09,False
reddit_f4be3282bf273c27,False
reddit_13edae0572c117f7,False
reddit_470dbaf7e2c4f58d,False
reddit_e482c73400576585,False
reddit_9fc23049b6320ee5,False
reddit_8c2a2714fbafc380,True
reddit_cc59d23dc91398a6,False
reddit_10f51e3545ad0c2f,False
reddit_186d747ae2ce8f98,False
reddit_49d65b01f0f58f7a,False
reddit_6f2139a735c95807,False
reddit_4216f26a33f2a533,False
reddit_223d42668ca6c83d,False
reddit_02665ce54166ce27,False
reddit_b0608d8ee4fcbdc1,False
reddit_e099e8b3c41a73e8,False
reddit_15b054d34b5eb427,False
reddit_d1caedaf17abc95a,False
reddit_a518f98ee6f8b215,False
reddit_9f20aa56f0bc4ae5,False
reddit_750fd5aad2738fd3,False
reddit_bb681dfbda6da34f,False
reddit_a21dec3c7fea14ae,False
reddit_b61c8dc407ccb0d1,False
reddit_bc25ae6804f261d3,False
reddit_d9619ec78e91adf6,False
reddit_6bad76d0fcecfdff,False
reddit_84f199867346c1fc,False
reddit_7607868dddc809c4,False
reddit_d2b7d97863165b5b,False
reddit_00b86813d94a1818,False
reddit_5ffeb4a0cdcafe7e,False
reddit_f1f15a9201980cf5,False
reddit_fd68a101a4d9d4e4,False
reddit_7dc0aef450d45b83,False
reddit_473d68149190ca17,False
reddit_f7827485c9e7efd2,False
reddit_a00411a9a7920cdf,False
reddit_d717453aaa8eb496,False
reddit_39f4ee9599c9802a,False
reddit_8a4d1bf1cbeda9fa,True
reddit_75b30ba195b9605d,False
reddit_a085f789e4222dec,False
reddit_a54f4be1cbde6a57,False
reddit_a4e01cbddd7bf014,False
reddit_2f4c43a4e733059b,False
reddit_eaec7cfea016548a,False
reddit_b1a96c61ce4349b7,False
reddit_19f880d62b4869e3,False
reddit_10ce5e14cfcbbeed,False
reddit_685b57ce82112a2f,False
reddit_6d10b67c78aa0876,True
reddit_1b668a360213566e,False
reddit_b0cb708659cbae1d,False
reddit_fdaf25ed82571e77,False
reddit_44a1a0c2d0bbd495,False
reddit_c82ec56014ca3c4b,False
reddit_aec448d7be8b4ed6,False
reddit_a962d204497e4925,False
reddit_93ea6cb5bdd13dd9,False
reddit_d3e7c462e2943db4,False
reddit_ae1cf1bb5e16c0b5,False
reddit_6133927639f2e4fd,False
reddit_b8b4f195f808ac97,False
reddit_5d7e9a5c11fb83d1,True
reddit_5f096c891f766049,False
reddit_c959e60e2cfc4993,False
reddit_0bdc6e028a477022,False
reddit_cb6cc12f8cdc5380,True
reddit_5348129dcfaf185f,False
reddit_909cb9f16a86b469,False
reddit_6654f4f13c2375c1,False
reddit_27b9715a91b09c4a,False
reddit_61ce7f271aa28938,False
reddit_5c6caf26a5a7f17d,False
reddit_1646f9feb77f785a,False
reddit_a483d6b6ef3c45b4,False
reddit_16398c3626eb8f6b,False
reddit_8acdb1dfc4b1d498,False
reddit_9065cac16ed8f5e4,False
reddit_8ad45ebeb6d2724b,False
reddit_7a6badd2ea0ceea4,False
reddit_8f5ce01545ffc3d3,True
reddit_170fe3436646eee9,False
reddit_478c0b7e396c76bb,True
reddit_a664f97ca4267975,True
reddit_cd261e82803e3175,False
reddit_4e073246cdbd69ac,False
reddit_6089e81be9b78445,False
reddit_dfc35ae4aba75740,True
reddit_8d96f3915b106df4,False
reddit_def405ede4cf52d5,False
reddit_964ab3a44abdfbb0,False
reddit_2a7bfa6cf15e3024,False
reddit_cf9889f1c8fef63c,False
reddit_b480cda3593c126e,False
reddit_6132eb87ccef5248,False
reddit_5d7567802052cc32,False
reddit_d7d057009ad3d241,False
reddit_afe9a39267035d99,False
reddit_7474e928749af316,False
reddit_589bce353369e7ba,False
reddit_4e2a0fed40bc5340,False
reddit_92cc1f0a4fc0abc5,False
reddit_e226d13acae01b2f,False
reddit_6111ed40f11379b7,False
reddit_d1ecaa915bd01cdd,False
reddit_85b719001f5fa107,False
reddit_058f2cfdcd62161f,False
reddit_a5cbbf62be407d96,False
reddit_9068d21b8c20bd75,False
reddit_c2fb44ea89d110a3,False
reddit_9f5b63f72a9ccadb,False
reddit_3eb0f63e65d1f7c7,False
reddit_de73d99b5d6b51d0,False
reddit_f9bc4c68919b1739,False
reddit_8c07c0e73ad74e42,False
reddit_574767fec752029a,False
reddit_c1e3857369ad7f4a,False
reddit_20f7e9b5fc3a7af0,False
reddit_8c9331ea29b97410,False
reddit_70a941babdc49242,False
reddit_3b448212deb4ac29,False
reddit_290dee6daf9a9408,False
reddit_909fc2dc2390c5ad,False
reddit_8036a03bc31a80bd,False
reddit_487d31dca62ebb0c,False
reddit_74ae52dfaafd734f,False
reddit_ddab4d0a61a3d11f,False
reddit_b3734c5f9eade7c4,False
reddit_c37073745a6554bd,False
reddit_99db5b7d344fc170,False
reddit_0b00f6c25367400e,False
reddit_fefa2fc675c97263,True
reddit_2835743efd9c461e,True
reddit_6fdc6baed3daf694,False
reddit_942599b9eae3401a,False
reddit_f4dada58b04ee2e8,False
reddit_f3151209b928f8c8,False
reddit_ccc05cfd29392148,True
reddit_4b422802a7acd510,False
reddit_fd3bf13a558f76b7,False
reddit_2d4ce3793459222b,False
reddit_2e798914a6047512,False
reddit_cdee2a87d37496fb,False
reddit_8933cff8770b79f6,False
reddit_caa95b7930d456a0,True
reddit_07dd65c994e78305,False
reddit_eb1186db056aec80,False
reddit_f623cc38290d61ec,False
reddit_f0dc3a0efe35e2ba,False
reddit_4e1a82394edfb667,False
reddit_20608126fdb8ea4e,False
reddit_053cdc41e90a00b9,False
reddit_3a7688064724b9b0,False
reddit_6240dcd0cdbe946b,False
reddit_53870d6b64269c5f,False
reddit_ce9a8d4dffa5b606,False
reddit_15da0f7c9024aa14,True
reddit_2a3397f368f0f568,False
reddit_b00287b9a4e2f72f,False
reddit_a0f04aea308632ac,False
reddit_4d3410f522ae2d22,False
reddit_12268460c9b929f4,False
reddit_31969ec4941447c6,False
reddit_cfc1ad03074d581f,False
reddit_aca8f3c51648ed20,True
reddit_92d1b80ee412ab84,False
reddit_5e5bd420802f9d73,False
reddit_61437de852f7d9fa,False
reddit_09031957dd3a83f8,False
reddit_bc310c8396943fd7,True
reddit_21dfd58131f9c9c6,False
reddit_1c3633664de12641,False
reddit_e88509b87d1f55d7,False
reddit_df62111fd8211fdb,False
reddit_60df19056361e15b,False
reddit_7ecfa0b395ea1fd8,False
reddit_c99b07616477170c,True
reddit_75d3412c629af760,False
reddit_51fa7a31de6b1afa,False
reddit_f71e19be28942a73,False
reddit_368c68e75b578c19,False
reddit_28713e8a0f1e3432,False
reddit_743d230debb28e2e,False
reddit_8fd24cacc9477120,False
reddit_e5201eca48db8a12,False
reddit_22006cf294854f91,False
reddit_ba55b7731232c5bf,False
reddit_751c73b779da8c47,False
reddit_21048350320b9b51,False
reddit_54008981b322b349,False
reddit_a9e465173d2dce4e,False
reddit_2ab6351a693b39ef,False
reddit_48a103c23a77cfd1,True
reddit_2d2fb218b2086000,True
reddit_38db603135a0aa8e,False
reddit_12c7b123296edaef,False
reddit_aaa29e29371eba8c,False
reddit_0e6eb5b2f9ebaf06,False
reddit_1b9e6f8509f0cd96,False
reddit_5bcb9cd986a88ed7,False
reddit_b9c320d020a74e93,False
reddit_382315034c52c0b8,True
reddit_f0cbfe5c424115b4,False
reddit_4cf3c98aec2cae46,False
reddit_4d172973e58783bc,False
reddit_b7a9cf32bce483ba,False
reddit_a3517fd713f506f6,True
reddit_352c3dc5eb1e287a,False
reddit_3cc9129bc8e4c181,False
reddit_b69cda7f9d9acefd,False
reddit_4b9f7f34f9c3ccd9,False
reddit_7645abb1a8c80e07,False
reddit_09eb24fee45e7310,False
reddit_ab4e85c39f28920f,False
reddit_030b2a4efe5f2ffd,False
reddit_1685950860f77e46,False
reddit_e572dbdc3329edd6,False
reddit_666a3064ced08961,False
reddit_fb4f8b7974474262,False
reddit_a4eb93f4dd1a6bcd,False
reddit_8d728887fb81fa64,False
reddit_ecdd294ca3ecc1fd,False
reddit_37a972e4243cb9e9,False
reddit_d971baf75fd50e7e,False
reddit_36aae69aa3107a06,False
reddit_4d0b7cb5b4043330,False
reddit_e1477931b2f6fe6b,False
reddit_8c8210c0a552b06c,False
reddit_05a2814bb247a844,False
reddit_e7c5dc4ae753cf96,False
reddit_1fc6c8e1af148f9a,False
reddit_7a9b56b5cda40c32,False
reddit_3d6014cc96c63be1,False
reddit_a2cae8142efad8ec,False
reddit_421486bd5de44448,False
reddit_380ca2cfc6854d51,False
reddit_00df6ffbe71bddee,False
reddit_1147cd79a8712cc1,False
reddit_738bfc19523778c0,False
reddit_e7d17a6bf23a93c2,True
reddit_ea07c5559c4af2e0,False
reddit_b8e96743444b6dcf,False
reddit_f3bf0acc4c7051aa,False
reddit_289172c46bb030d7,False
reddit_072cf1efe0647be4,False
reddit_18c9e43377db7580,False
reddit_07313a35808c8b19,True
reddit_634448a243847acd,True
reddit_ee470855ffc18f89,False
reddit_99a5ae106f67d599,False
reddit_7af2864761f028e3,False
reddit_d4ebf07ce76440cb,False
reddit_5e9eef0e73a8ad00,False
reddit_76f6102761041ead,False
reddit_037a1fe147958609,False
reddit_5e2281e661610bb9,False
reddit_dfdde254c6eb2c3d,False
reddit_4504b8df1d02697d,True
reddit_7ef1bc59d146a092,False
reddit_0e574287a73467e2,False
reddit_292e04cc899bf4d5,False
reddit_b417a751c0ec52df,False
reddit_f8a26b156bb62196,False
reddit_918e10daa159d79d,False
reddit_06c82ad6e3051c3e,False
reddit_e25ad59be747a84e,False
reddit_4cf8e3752b7dd464,False
reddit_429313379360e66c,False
reddit_00d72e260c392090,False
reddit_a647258f2ad4e119,False
reddit_9f6aa7f9a3737dd1,False
reddit_29e6e720e8856761,False
reddit_8e41fe32d2c79604,False
reddit_481bf0de54962dce,False
reddit_a44bf735d58fee50,False
reddit_f5208bb9c045c008,False
reddit_bb01820131642e47,False
reddit_c0b8fe1e30798e6a,False
reddit_224463cc7bc5d619,False
reddit_9f3c1470e8c5c3f5,False
reddit_68982a3dd0a3b645,False
reddit_94c6909581c42da2,False
reddit_19523a29cfe18a54,False
reddit_456ececba90ed54c,False
reddit_657cd0436e78a108,False
reddit_feb0cf049fa6bf5b,False
reddit_3210f0cb78aace74,False
reddit_ebca74fa22ee6bfd,False
reddit_3a76bcdc0a958ef7,False
reddit_dbbfdd66320c9920,False
reddit_fa3e8212d58586a8,False
reddit_e81b7cd251d7276c,False
reddit_901bd01920e79410,False
reddit_9d7a1a7a870571ff,False
reddit_661c46c08b85557c,False
reddit_71ca0b5c8918e6bb,False
reddit_3537ffd0c94db8db,False
reddit_6466b89021ab703f,False
reddit_ca71753c273dac3d,False
reddit_a458ee586554e641,False
reddit_89f3280c3f34aaf7,False
reddit_764040c3b779d702,False
reddit_0ee0b2561c4c7d71,False
reddit_54970e7e78515f89,False
reddit_5c3c75dfefdad342,False
reddit_b47ca90c8cdddc38,False
reddit_38fddda8e3274aaf,False
reddit_f247ecd3154c082d,False
reddit_d614d8ad5a76db29,False
reddit_e31a01364cefaf24,False
reddit_efd94084353cb93f,False
reddit_66f4407d4fc67fbb,False
reddit_0319040227245544,False
reddit_5602dc5255e696e9,False
reddit_4c315bc43c58044e,False
reddit_36eb4c398773b55b,False
reddit_7b1faef501e42f28,False
reddit_5adf175981cd6c72,False
