term,count,bucket
gun,425,fp
mirror,161,fp
climate,151,fp
rights,138,fp
primary_policy_domain,128,fp
criticized_actor_type,114,fp
laws,113,fp
mirror_shift_direction,110,fp
political,97,fp
control,96,fp
policy,91,fp
guns,83,fp
normative_moral_language,81,fp
amendment,77,fp
about,76,fp
shifts,74,fp
you,69,fp
second,66,fp
anti,63,fp
people,63,fp
informal_register_or_slang,62,fp
trump,59,fp
original,58,fp
named_proper_nouns_density,57,fp
factual_assertion_vs_speculation,55,fp
have,52,fp
causal_claim_present,52,fp
geographic_scope,51,fp
we,51,fp
shooting,50,fp
persuasion_or_argumentation,49,fp
reform,49,fp
gop,48,fp
policy_prescription_present,46,fp
national,45,fp
ridicule_or_mockery,45,fp
fossil,45,fp
criticizes,44,fp
maga,44,fp
if,43,fp
party,43,fp
approximate_token_length_band,42,fp
energy,42,fp
democrats,41,fp
left,41,fp
change,40,fp
government,40,fp
uses,39,fp
claims,39,fp
safety,39,fp
advocates,38,fp
republicans,37,fp
all,37,fp
list_or_enumeration,35,fp
like,35,fp
victimhood_or_persecution_framing,34,fp
your,34,fp
emphatic_outrage,32,fp
they,32,fp
nra,32,fp
moral,32,fp
politicians,32,fp
us,31,fp
would,31,fp
republican,31,fp
children,31,fp
specific_event_or_bill_reference,31,fp
blame,30,fp
their,30,fp
right,30,fp
informal,29,fp
question,29,fp
law,29,fp
opponents,29,fp
who,28,fp
public,28,fp
mass,28,fp
red,28,fp
medium,28,fp
flag,28,fp
green,27,fp
actors,27,fp
media,27,fp
open,27,fp
framing,26,fp
out,26,fp
states,26,fp
culture_war_topic_salience,26,fp
condemnation,26,fp
wing,26,fp
claim,26,fp
ice,26,fp
state,25,fp
named,25,fp
violence,25,fp
profanity_or_taboo_language,25,fp
fuels,25,fp
frames,24,fp
targets,24,fp
americans,23,fp
fucking,23,fp
borders,23,fp
pro,22,fp
rhetorical_question,22,fp
repeated,22,fp
just,22,fp
more,22,fp
elites,21,fp
immigration,21,fp
assault,21,fp
healthcare,21,fp
framed,20,fp
economic_cost_benefit_framing,20,fp
venting_or_expressive,20,fp
why,20,fp
criticism,20,fp
fuel,20,fp
science,20,fp
call_to_action,20,fp
health,20,fp
stop,20,fp
good,20,fp
mocks,19,fp
activists,19,fp
used,19,fp
strong,19,fp
democrat,19,fp
argues,19,fp
all_caps_emphasis,19,fp
references,19,fp
he,19,fp
profanity,18,fp
over,18,fp
our,18,fp
against,18,fp
can,18,fp
list,18,fp
victims,18,fp
voters,18,fp
police,18,fp
biden,18,fp
reference,17,fp
phrasing,17,fp
politics,17,fp
condemns,17,fp
only,17,fp
america,17,fp
argument,17,fp
radical,17,fp
don,17,fp
target,17,fp
critique,17,fp
get,17,fp
agenda,16,fp
rhetorical,16,fp
so,16,fp
will,16,fp
every,16,fp
anaphora_or_parallelism,16,fp
colloquial,16,fp
caps,16,fp
dems,16,fp
proper,16,fp
factual,16,fp
constitutional,16,fp
enforcement,16,fp
ban,16,fp
carry,16,fp
conditional_if_then_structure,15,fp
need,15,fp
security,15,fp
high_punctuation_intensity,15,fp
protection,15,fp
partisan,15,fp
city,15,fp
armed,15,fp
industry,15,fp
one,15,fp
them,15,fp
want,15,fp
school,15,fp
united,15,fp
fascist,15,fp
direct,15,fp
outgroup,15,fp
voting,15,fp
mtg,15,fp
president,15,fp
federal,15,fp
global,14,fp
money,14,fp
some,14,fp
multiple,14,fp
emphasis,14,fp
leftists,14,fp
protect,14,fp
leftist,14,fp
should,14,fp
propaganda,14,fp
second_person_direct_address,14,fp
assertive,14,fp
weapon,14,fp
warming,14,fp
weapons,14,fp
group,13,fp
another,13,fp
conversational,13,fp
real,13,fp
conspiratorial_framing,13,fp
alarmists,13,fp
short,13,fp
congressional,13,fp
style,13,fp
solar,13,fp
accountability,13,fp
bill,13,fp
deaths,13,fp
care,13,fp
asserts,13,fp
abortion,13,fp
cause,13,fp
self,13,fp
insult,13,fp
policies,13,fp
officials,13,fp
then,12,fp
quote_or_attribution_embedding,12,fp
than,12,fp
negative,12,fp
demand,12,fp
expresses,12,fp
stance,12,fp
me,12,fp
access,12,fp
action,12,fp
women,12,fp
use,12,fp
specific,12,fp
his,12,fp
do,12,fp
down,12,fp
universal,12,fp
mental,12,fp
legislation,12,fp
crime,12,fp
bans,12,fp
country,11,fp
international,11,fp
contrastive_but_however_structure,11,fp
exclamation,11,fp
has,11,fp
side,11,fp
rates,11,fp
problem,11,fp
firearm,11,fp
sarcasm_or_irony,11,fp
criticizing,11,fp
when,11,fp
billionaires,11,fp
issue,11,fp
left_right_directional_cue,11,fp
ideological,11,fp
long,11,fp
conservatives,11,fp
emphatic,11,fp
brady,11,fp
up,11,fp
politician,11,fp
background,11,fp
corruption,11,fp
stupid,10,fp
hunter,10,fp
ownership,10,fp
calls,10,fp
how,10,fp
structure,10,fp
casual,10,fp
border,10,fp
regulation,10,fp
angry,10,fp
comparison,10,fp
shootings,10,fp
evidence,10,fp
war,10,fp
enumerates,10,fp
firearms,10,fp
economic,10,fp
accusation,10,fp
advocacy,10,fp
education,10,fp
life,10,fp
because,10,fp
term,10,fp
think,10,fp
historical_analogy_reference,10,fp
assassination,10,fp
attempt,10,fp
any,10,fp
contrast,10,fp
personal,10,fp
alleged,10,fp
child,10,fp
civil,10,fp
issues,10,fp
congress,10,fp
evil,10,fp
companies,10,fp
tyranny,10,fp
register,9,fp
quoted,9,fp
2nd,9,fp
there,9,fp
wind,9,fp
citizens,9,fp
regime,9,fp
between,9,fp
christian,9,fp
kids,9,fp
addresses,9,fp
identity,9,fp
current,9,fp
person,9,fp
progressive,9,fp
carbon,9,fp
family,9,fp
too,9,fp
sensible,9,fp
human,9,fp
criminals,9,fp
being,9,fp
legal,9,fp
crisis,9,fp
extreme,9,fp
texas,9,fp
sense,9,fp
agents,9,fp
shit,9,fp
free,9,fp
woke,9,fp
hunters,8,fp
liberal,8,fp
argue,8,fp
what,8,fp
wealthy,8,fp
contains,8,fp
marks,8,fp
ai,8,fp
power,8,fp
challenge,8,fp
strict,8,fp
sources,8,fp
abiding,8,fp
event,8,fp
death,8,fp
nouns,8,fp
islamic,8,fp
san,8,fp
diego,8,fp
make,8,fp
conservative,8,fp
fox,8,fp
outrage,8,fp
reagan,8,fp
makes,8,fp
narrative,8,fp
address,8,fp
characterization,8,fp
mocking,8,fp
derogatory,8,fp
nazis,8,fp
act,8,fp
response,8,fp
shoot,8,fp
wealth,8,fp
imperative,8,fp
dead,8,fp
deal,8,fp
agreement,8,fp
tyrannical,8,fp
donald,8,fp
nuts,8,fp
rittenhouse,8,fp
liberals,7,fp
into,7,fp
around,7,fp
scenario,7,fp
evaluative,7,fp
language,7,fp
slang,7,fp
rich,7,fp
frustration,7,fp
harm,7,fp
hoax,7,fp
most,7,fp
lives,7,fp
facts,7,fp
parallel,7,fp
oil,7,fp
culture,7,fp
keep,7,fp
nation,7,fp
sarcastic,7,fp
plans,7,fp
supports,7,fp
gender,7,fp
figure,7,fp
conflict,7,fp
historical,7,fp
center,7,fp
communities,7,fp
hedging_or_qualification,7,fp
individual,7,fp
labor,7,fp
biggest,7,fp
judgment,7,fp
explicit,7,fp
many,7,fp
through,7,fp
doesn,7,fp
activist,7,fp
those,7,fp
unless,7,fp
race,7,fp
labels,7,fp
things,7,fp
thing,7,fp
deniers,7,fp
directly,7,fp
causing,7,fp
usa,7,fp
big,7,fp
jim,7,fp
after,7,fp
tragedy,7,fp
speech,7,fp
super,7,fp
effect,7,fp
accusations,7,fp
embedded,7,fp
toward,7,fp
common,7,fp
denial,7,fp
push,7,fp
time,7,fp
last,7,fp
supporters,7,fp
say,7,fp
support,7,fp
assertion,7,fp
dense,7,fp
criminal,7,fp
checks,7,fp
deep,7,fp
first,7,fp
aoc,7,fp
disinformation,7,fp
shame,7,fp
limits,7,fp
bernie,7,fp
kyle,7,fp
insulting,6,fp
coastal,6,fp
social,6,fp
associated,6,fp
scope,6,fp
earth,6,fp
abbreviation,6,fp
using,6,fp
alarmism,6,fp
related,6,fp
insurance,6,fp
bills,6,fp
weak,6,fp
based,6,fp
run,6,fp
cities,6,fp
yes,6,fp
expressive,6,fp
go,6,fp
organization,6,fp
perceived,6,fp
priorities,6,fp
lists,6,fp
mn,6,fp
candidate,6,fp
gaza,6,fp
see,6,fp
elite_vs_populist_framing,6,fp
versus,6,fp
bigotry,6,fp
local,6,fp
values,6,fp
judges,6,fp
responsibility,6,fp
moralized,6,fp
opposing,6,fp
american,6,fp
protecting,6,fp
news,6,fp
know,6,fp
going,6,fp
donors,6,fp
democratic,6,fp
fat,6,fp
forceful,6,fp
rw,6,fp
lack,6,fp
emoji,6,fp
conditional,6,fp
fear,6,fp
give,6,fp
giving,6,fp
ohio,6,fp
centers,6,fp
trying,6,fp
take,6,fp
australia,6,fp
trans,6,fp
spokesperson,6,fp
quotation,6,fp
let,6,fp
enumeration,6,fp
governor,6,fp
but,6,fp
tyrant,6,fp
capitalism,6,fp
century,6,fp
pass,6,fp
retargets,6,fp
opening,6,fp
authoritarian,6,fp
always,6,fp
lobby,6,fp
new,6,fp
gunmakers,6,fp
slavery,6,fp
filth,6,fp
reason,6,fp
someone,6,fp
instruments,6,fp
duty,6,fp
punishment,6,fp
punitive,6,fp
cult,6,fp
plague,6,fp
survivors,6,fp
1968,6,fp
banning,6,fp
racism,6,fp
advisors,6,fp
other,6,fp
corrupt,6,fp
history,6,fp
racist,6,fp
obama,6,fp
average,5,fp
stricter,5,fp
broad,5,fp
elite,5,fp
way,5,fp
oligarchs,5,fp
regulations,5,fp
context,5,fp
consequences,5,fp
speaker,5,fp
now,5,fp
caused,5,fp
rhetoric,5,fp
save,5,fp
causal,5,fp
pattern,5,fp
fracking,5,fp
garbage,5,fp
profits,5,fp
back,5,fp
disarmament,5,fp
prioritizing,5,fp
statement,5,fp
categories,5,fp
convicted,5,fp
names,5,fp
killers,5,fp
invokes,5,fp
evaluation,5,fp
woman,5,fp
lose,5,fp
allow,5,fp
own,5,fp
killing,5,fp
look,5,fp
dan,5,fp
apparently,5,fp
jewish,5,fp
religious,5,fp
effectiveness,5,fp
welcome,5,fp
re,5,fp
groups,5,fp
ironic,5,fp
believe,5,fp
price,5,fp
denying,5,fp
viewers,5,fp
isn,5,fp
ignorant,5,fp
cnn,5,fp
birth,5,fp
unborn,5,fp
without,5,fp
abbreviations,5,fp
clause,5,fp
condition,5,fp
claimed,5,fp
cost,5,fp
europe,5,fp
very,5,fp
outcomes,5,fp
pedos,5,fp
involving,5,fp
contrasts,5,fp
searches,5,fp
analogy,5,fp
shot,5,fp
concealed,5,fp
cops,5,fp
harassment,5,fp
before,5,fp
demands,5,fp
single,5,fp
instead,5,fp
said,5,fp
policing,5,fp
did,5,fp
had,5,fp
interlocutor,5,fp
resort,5,fp
opponent,5,fp
actually,5,fp
strictest,5,fp
emotional,5,fp
immigrants,5,fp
counterfactual,5,fp
soldier,5,fp
soros,5,fp
blames,5,fp
hoaxes,5,fp
gotsa,5,fp
martyr,5,fp
maybe,5,fp
well,5,fp
speedrun,5,fp
order,5,fp
sworn,5,fp
return,5,fp
fire,5,fp
court,5,fp
spreading,5,fp
enough,5,fp
remember,5,fp
eligibility,5,fp
buy,5,fp
same,5,fp
democracies,5,fp
oh,5,fp
parkland,5,fp
framework,5,fp
un,5,fp
here,5,fp
evangelicals,5,fp
russian,5,fp
nations,5,fp
misogynist,5,fp
wisconsinite,4,fp
important,4,fp
competence,4,fp
conclusion,4,fp
fantasy,4,fp
internet,4,fp
committee,4,fp
useless,4,fp
dismisses,4,fp
contrasted,4,fp
expression,4,fp
these,4,fp
stronger,4,fp
presents,4,fp
comparative,4,fp
even,4,fp
renewables,4,fp
electric,4,fp
preferred,4,fp
choices,4,fp
source,4,fp
pushing,4,fp
such,4,fp
blaming,4,fp
tennessee,4,fp
including,4,fp
felons,4,fp
planning,4,fp
mandates,4,fp
bureaucrats,4,fp
opposition,4,fp
elections,4,fp
minnesota,4,fp
actions,4,fp
explanation,4,fp
losses,4,fp
help,4,fp
item,4,fp
civilian,4,fp
hypocrisy,4,fp
several,4,fp
examples,4,fp
silence,4,fp
explains,4,fp
church,4,fp
asserted,4,fp
victim,4,fp
cue,4,fp
put,4,fp
hands,4,fp
parents,4,fp
reader,4,fp
part,4,fp
hogg,4,fp
however,4,fp
ineffective,4,fp
place,4,fp
called,4,fp
innocent,4,fp
tradeoff,4,fp
abuse,4,fp
outraged,4,fp
minority,4,fp
future,4,fp
label,4,fp
disagreement,4,fp
members,4,fp
destroy,4,fp
until,4,fp
warning,4,fp
slogan,4,fp
fentanyl,4,fp
much,4,fp
three,4,fp
may,4,fp
anger,4,fp
causes,4,fp
domestic,4,fp
small,4,fp
canadian,4,fp
vegas,4,fp
where,4,fp
owners,4,fp
discourse,4,fp
exploiting,4,fp
periods,4,fp
nonsense,4,fp
followed,4,fp
credibility,4,fp
weather,4,fp
ni,4,fp
temperatures,4,fp
worried,4,fp
two,4,fp
option,4,fp
fact,4,fp
case,4,fp
command,4,fp
loses,4,fp
leave,4,fp
enumerated,4,fp
outcome,4,fp
shorthand,4,fp
taboo,4,fp
fourth,4,fp
violating,4,fp
imaginary,4,fp
defense,4,fp
2012,4,fp
msnbc,4,fp
punctuation,4,fp
proposed,4,fp
asshole,4,fp
survive,4,fp
behavior,4,fp
doing,4,fp
inequality,4,fp
billionaire,4,fp
grifters,4,fp
teachers,4,fp
cared,4,fp
fund,4,fp
anyone,4,fp
threatened,4,fp
figures,4,fp
failed,4,fp
changes,4,fp
sandy,4,fp
hook,4,fp
car,4,fp
derisive,4,fp
themselves,4,fp
bloomberg,4,fp
advocate,4,fp
does,4,fp
positions,4,fp
attacks,4,fp
damn,4,fp
across,4,fp
emissions,4,fp
accepting,4,fp
18th,4,fp
regression,4,fp
training,4,fp
never,4,fp
dei,4,fp
mind,4,fp
polling,4,fp
places,4,fp
phrase,4,fp
charlie,4,fp
movement,4,fp
touch,4,fp
initial,4,fp
ammunition,4,fp
shut,4,fp
shows,4,fp
enforce,4,fp
shooters,4,fp
chasing,4,fp
warrantless,4,fp
machine,4,fp
responsible,4,fp
assertions,4,fp
profiteers,4,fp
models,4,fp
bought,4,fp
serious,4,fp
cronies,4,fp
confiscation,4,fp
lgbtq,4,fp
oathbreakers,4,fp
lobbyists,4,fp
swalwell,4,fp
riddance,4,fp
stand,4,fp
ground,4,fp
unions,4,fp
sad,4,fp
grip,4,fp
liars,4,fp
ass,4,fp
slaughtered,4,fp
conspiracies,4,fp
truth,4,fp
agreements,4,fp
jcpoa,4,fp
understood,3,fp
everyone,3,fp
mean,3,fp
reality,3,fp
depopulate,3,fp
hidden,3,fp
harmful,3,fp
class,3,fp
motives,3,fp
better,3,fp
answer,3,fp
ikr,3,fp
intensifier,3,fp
fuckin,3,fp
sick,3,fp
nothing,3,fp
reactions,3,fp
millions,3,fp
suffer,3,fp
call,3,fp
reverses,3,fp
cars,3,fp
endorses,3,fp
complaint,3,fp
promoting,3,fp
sales,3,fp
salient,3,fp
bring,3,fp
dueling,3,fp
violent,3,fp
blood,3,fp
level,3,fp
disarming,3,fp
insane,3,fp
job,3,fp
kill,3,fp
jobs,3,fp
institutional,3,fp
annunciation,3,fp
casualties,3,fp
assad,3,fp
something,3,fp
exploit,3,fp
really,3,fp
example,3,fp
cuz,3,fp
ordinary,3,fp
controlled,3,fp
renewable,3,fp
institutions,3,fp
qualification,3,fp
ve,3,fp
yet,3,fp
commentator,3,fp
targeted,3,fp
organized,3,fp
female,3,fp
feelings,3,fp
online,3,fp
appear,3,fp
sb,3,fp
1424,3,fp
safe,3,fp
parental,3,fp
accuses,3,fp
anymore,3,fp
affect,3,fp
implies,3,fp
protest,3,fp
brown,3,fp
portrays,3,fp
listed,3,fp
identities,3,fp
bs,3,fp
pretend,3,fp
different,3,fp
explain,3,fp
request,3,fp
terms,3,fp
please,3,fp
attributed,3,fp
temperature,3,fp
relatives,3,fp
derides,3,fp
flooding,3,fp
streets,3,fp
inconsistency,3,fp
rejection,3,fp
bullet,3,fp
world,3,fp
result,3,fp
letting,3,fp
extremely,3,fp
block,3,fp
awareness,3,fp
difference,3,fp
outsider,3,fp
loss,3,fp
point,3,fp
idea,3,fp
word,3,fp
driving,3,fp
working,3,fp
plus,3,fp
suggests,3,fp
pushed,3,fp
frightened,3,fp
scientific,3,fp
hysteria,3,fp
construction,3,fp
nickname,3,fp
farmland,3,fp
data,3,fp
progress,3,fp
parks,3,fp
drilling,3,fp
appeal,3,fp
away,3,fp
recent,3,fp
terrorist,3,fp
turns,3,fp
presented,3,fp
report,3,fp
transgender,3,fp
sympathetic,3,fp
doubt,3,fp
am,3,fp
sure,3,fp
tell,3,fp
idiom,3,fp
since,3,fp
temporal,3,fp
exemptions,3,fp
influence,3,fp
linked,3,fp
attack,3,fp
rather,3,fp
responses,3,fp
made,3,fp
everybody,3,fp
swamp,3,fp
annihilator,3,fp
experience,3,fp
dangerous,3,fp
present,3,fp
extremists,3,fp
freaking,3,fp
situation,3,fp
bezos,3,fp
known,3,fp
my,3,fp
questions,3,fp
idiot,3,fp
lowest,3,fp
loose,3,fp
insults,3,fp
claiming,3,fp
ridiculous,3,fp
harmed,3,fp
society,3,fp
soft,3,fp
failure,3,fp
reminder,3,fp
regan,3,fp
leaders,3,fp
profane,3,fp
purpose,3,fp
risk,3,fp
proposals,3,fp
tax,3,fp
spelling,3,fp
authoritarianism,3,fp
warns,3,fp
danger,3,fp
also,3,fp
metaphor,3,fp
professed,3,fp
capitalized,3,fp
traitors,3,fp
benefits,3,fp
teamers,3,fp
ain,3,fp
effects,3,fp
individuals,3,fp
portrayed,3,fp
george,3,fp
35,3,fp
private,3,fp
understand,3,fp
god,3,fp
heatwave,3,fp
today,3,fp
critiques,3,fp
waiting,3,fp
entire,3,fp
core,3,fp
scotus,3,fp
pentagon,3,fp
46,3,fp
47,3,fp
militias,3,fp
guarding,3,fp
actual,3,fp
sanctuary,3,fp
incompetence,3,fp
general,3,fp
given,3,fp
agency,3,fp
yourself,3,fp
inappropriate,3,fp
execute,3,fp
avoiding,3,fp
start,3,fp
totting,3,fp
owning,3,fp
knock,3,fp
afraid,3,fp
admit,3,fp
enforcing,3,fp
singing,3,fp
tune,3,fp
kidnapping,3,fp
create,3,fp
doomsday,3,fp
shd,3,fp
kid,3,fp
rational,3,fp
memo,3,fp
fuck,3,fp
incompetent,3,fp
unspecified,3,fp
heavy,3,fp
stalin,3,fp
hitler,3,fp
mussolini,3,fp
putin,3,fp
dictator,3,fp
wannabe,3,fp
jail,3,fp
wildfire,3,fp
plane,3,fp
while,3,fp
stay,3,fp
absolute,3,fp
intelligent,3,fp
dipshit,3,fp
loser,3,fp
offices,3,fp
harsh,3,fp
face,3,fp
corporate,3,fp
hashtag_or_mention_pattern,3,fp
hashtag,3,fp
expell,3,fp
him,3,fp
penny,3,fp
etc,3,fp
infringing,3,fp
dumb,3,fp
killer,3,fp
idiots,3,fp
men,3,fp
academics,3,fp
worst,3,fp
semi,3,fp
urban,3,fp
outsiders,3,fp
pensions,3,fp
functioning,3,fp
purchased,3,fp
psychopaths,3,fp
aren,3,fp
enthusiasts,3,fp
grabbers,3,fp
peep,3,fp
mainstream,3,fp
mr,3,fp
gore,3,fp
announcement,3,fp
ipcc,3,fp
truck,3,fp
xenophobic,3,fp
racists,3,fp
hate,3,fp
rules,3,fp
requirements,3,fp
2016,3,fp
fifafans,3,fp
lazy,3,fp
conspiracy,3,fp
trolls,3,fp
democracy,3,fp
flat,3,fp
qanan,3,fp
pizza,3,fp
gate,3,fp
paris,3,fp
foreign,3,fp
iran,3,fp
migrant,3,fp
tony,3,fp
shmuck,3,fp
opposes,2,fp
defenders,2,fp
ellipses,2,fp
explicitly,2,fp
speculative,2,fp
theory,2,fp
resources,2,fp
middle,2,fp
fix,2,fp
imply,2,fp
institution,2,fp
positive,2,fp
alternative,2,fp
disgust,2,fp
morally,2,fp
bastards,2,fp
happen,2,fp
regulatory,2,fp
suffering,2,fp
rise,2,fp
associates,2,fp
overwhelming,2,fp
jurisdictions,2,fp
restrictions,2,fp
sequence,2,fp
beginning,2,fp
emojis,2,fp
turbine,2,fp
gas,2,fp
transition,2,fp
could,2,fp
disfavored,2,fp
unfortunately,2,fp
hyperbolic,2,fp
disarmed,2,fp
graphic,2,fp
text,2,fp
discusses,2,fp
higher,2,fp
priority,2,fp
felon,2,fp
affected,2,fp
scrapped,2,fp
gutted,2,fp
vital,2,fp
impacts,2,fp
economy,2,fp
burden,2,fp
meaningful,2,fp
effective,2,fp
controversy,2,fp
biological,2,fp
endorse,2,fp
palestinian,2,fp
goals,2,fp
total,2,fp
contraction,2,fp
sea,2,fp
profit,2,fp
elitists,2,fp
maximize,2,fp
enslave,2,fp
subsidies,2,fp
land,2,fp
intercommunity,2,fp
via,2,fp
unity,2,fp
stated,2,fp
achievements,2,fp
supporter,2,fp
black,2,fp
longer,2,fp
recognition,2,fp
valuing,2,fp
influenced,2,fp
storage,2,fp
indoctrination,2,fp
indoctrinated,2,fp
pawns,2,fp
tried,2,fp
referenced,2,fp
ignorance,2,fp
boebert,2,fp
texico,2,fp
contrastive,2,fp
marker,2,fp
others,2,fp
ellipsis,2,fp
overseas,2,fp
low,2,fp
correct,2,fp
inevitable,2,fp
application,2,fp
pay,2,fp
economics,2,fp
mild,2,fp
research,2,fp
views,2,fp
sky,2,fp
scientists,2,fp
criticized,2,fp
simple,2,fp
noun,2,fp
reasoning,2,fp
audience,2,fp
within,2,fp
destroys,2,fp
grandchildren,2,fp
conveniently,2,fp
deny,2,fp
premise,2,fp
challenges,2,fp
sickening,2,fp
disgusting,2,fp
owner,2,fp
position,2,fp
couldn,2,fp
arsed,2,fp
taking,2,fp
severe,2,fp
stupidest,2,fp
horrifically,2,fp
inaction,2,fp
pgm,2,fp
choice,2,fp
hardworking,2,fp
normalization,2,fp
filthy,2,fp
gave,2,fp
opens,2,fp
double,2,fp
unnamed,2,fp
costs,2,fp
families,2,fp
meteorologists,2,fp
saying,2,fp
anomaly,2,fp
extremes,2,fp
expert,2,fp
qualified,2,fp
coming,2,fp
form,2,fp
argumentative,2,fp
comprehend,2,fp
basic,2,fp
unintelligent,2,fp
seem,2,fp
snake,2,fp
salesman,2,fp
system,2,fp
us_state,2,fp
charge,2,fp
vote,2,fp
harms,2,fp
consequence,2,fp
neglected,2,fp
worker,2,fp
accusatory,2,fp
shift,2,fp
liberties,2,fp
nazi,2,fp
deplatforming,2,fp
violation,2,fp
phrases,2,fp
attorney,2,fp
sixteen,2,fp
declared,2,fp
semitic,2,fp
ah,2,fp
bathroom,2,fp
recommendation,2,fp
advice,2,fp
recommend,2,fp
reported,2,fp
least,2,fp
consistent,2,fp
gonna,2,fp
condemnatory,2,fp
her,2,fp
dash,2,fp
folk,2,fp
capitalization,2,fp
specialists,2,fp
ok,2,fp
end,2,fp
responders,2,fp
folks,2,fp
deployment,2,fp
guard,2,fp
troops,2,fp
allows,2,fp
epithet,2,fp
intensifies,2,fp
vigilantes,2,fp
rebuttal,2,fp
debate,2,fp
socializing,2,fp
easy,2,fp
encounter,2,fp
getting,2,fp
aligned,2,fp
2a,2,fp
simping,2,fp
us_vs_them_framing,2,fp
disobedience,2,fp
ofc,2,fp
entities,2,fp
yachts,2,fp
yacht,2,fp
capitalist,2,fp
ghouls,2,fp
excess,2,fp
systemic,2,fp
highest,2,fp
absolutist,2,fp
means,2,fp
anything,2,fp
view,2,fp
come,2,fp
reasons,2,fp
arsenal,2,fp
exhaustion,2,fp
lot,2,fp
clyburn,2,fp
paraphrased,2,fp
compares,2,fp
past,2,fp
events,2,fp
grabs,2,fp
solutions,2,fp
sentence,2,fp
declarative,2,fp
design,2,fp
designed,2,fp
casualty,2,fp
grabbing,2,fp
cuck,2,fp
else,2,fp
telling,2,fp
iraq,2,fp
enabled,2,fp
theres,2,fp
fascism,2,fp
turn,2,fp
lick,2,fp
boot,2,fp
love,2,fp
stripped,2,fp
dear,2,fp
shoulder,2,fp
interests,2,fp
lines,2,fp
day,2,fp
prediction,2,fp
rejects,2,fp
michael,2,fp
billions,2,fp
dismantling,2,fp
tech,2,fp
ballmer,2,fp
000,2,fp
expanded,2,fp
salary,2,fp
headings,2,fp
she,2,fp
john,2,fp
angle,2,fp
jane,2,fp
freedom,2,fp
destruction,2,fp
prioritization,2,fp
morons,2,fp
heat,2,fp
ppl,2,fp
therein,2,fp
lies,2,fp
sports,2,fp
missing,2,fp
harris,2,fp
mandatory,2,fp
measures,2,fp
emotionally,2,fp
victimization,2,fp
ending,2,fp
putting,2,fp
choose,2,fp
instability,2,fp
threats,2,fp
pretense,2,fp
progressives,2,fp
partial,2,fp
aligns,2,fp
passed,2,fp
severely,2,fp
injured,2,fp
presence,2,fp
thuggery,2,fp
deficiencies,2,fp
corporations,2,fp
reaction,2,fp
markers,2,fp
wow,2,fp
shouldn,2,fp
gatekeeping,2,fp
disbelief,2,fp
seriously,2,fp
try,2,fp
bodily,2,fp
conditions,2,fp
regulated,2,fp
militia,2,fp
urges,2,fp
expensive,2,fp
savings,2,fp
redirected,2,fp
executing,2,fp
offenders,2,fp
doctors,2,fp
immediate,2,fp
centuries,2,fp
abused,2,fp
misused,2,fp
migration,2,fp
screening,2,fp
berating,2,fp
remembered,2,fp
old,2,fp
powers,2,fp
under,2,fp
unelected,2,fp
businesses,2,fp
statements,2,fp
mentally,2,fp
defective,2,fp
possible,2,fp
done,2,fp
paperwork,2,fp
doj,2,fp
forbes,2,fp
burning,2,fp
warms,2,fp
keeps,2,fp
dark,2,fp
cowardly,2,fp
less,2,fp
outlets,2,fp
illegality,2,fp
illegally,2,fp
agencies,2,fp
irs,2,fp
epa,2,fp
illegal,2,fp
flaming,2,fp
emergency,2,fp
greenhouse,2,fp
gases,2,fp
populists,2,fp
weird,2,fp
hardware,2,fp
store,2,fp
privilege,2,fp
escape,2,fp
proves,2,fp
uncivilized,2,fp
defending,2,fp
itself,2,fp
damage,2,fp
hope,2,fp
spend,2,fp
salience,2,fp
career,2,fp
bonkers,2,fp
defenseless,2,fp
logic,2,fp
allegedly,2,fp
narratives,2,fp
intellectual,2,fp
manipulation,2,fp
transphobes,2,fp
homophobes,2,fp
line,2,fp
official,2,fp
sanctions,2,fp
prison,2,fp
seizure,2,fp
assets,2,fp
ineligibility,2,fp
abusive,2,fp
trust,2,fp
backed,2,fp
interest,2,fp
oppose,2,fp
rapist,2,fp
resignation,2,fp
expulsion,2,fp
dismissive,2,fp
accused,2,fp
fantasies,2,fp
alarmist,2,fp
abolishing,2,fp
infringement,2,fp
defunding,2,fp
crazy,2,fp
story,2,fp
second_amendment_framing,2,fp
yesterday,2,fp
latest,2,fp
ultra,2,fp
deserve,2,fp
misunderstand,2,fp
systems,2,fp
justice,2,fp
desert,2,fp
eagle,2,fp
auto,2,fp
legitimate,2,fp
outside,2,fp
woods,2,fp
rural,2,fp
robbed,2,fp
great,2,fp
recurring,2,fp
california,2,fp
killed,2,fp
neglect,2,fp
beyond,2,fp
bump,2,fp
magazine,2,fp
attribution,2,fp
patrols,2,fp
ratified,2,fp
preserve,2,fp
read,2,fp
predictions,2,fp
hoaxers,2,fp
wtf,2,fp
off,2,fp
mcdonalds,2,fp
lift,2,fp
kit,2,fp
assimilation,2,fp
hat,2,fp
spew,2,fp
caricature,2,fp
ideologues,2,fp
coded,2,fp
born,2,fp
removing,2,fp
supreme,2,fp
citizenship,2,fp
kirk,2,fp
year,2,fp
prudent,2,fp
reproductive,2,fp
must,2,fp
increase,2,fp
taxes,2,fp
slogans,2,fp
2026,2,fp
defund,2,fp
columbine,2,fp
uvalde,2,fp
compromise,2,fp
moon,2,fp
religion,2,fp
broken,2,fp
soon,2,fp
blowing,2,fp
solution,2,fp
already,2,fp
joined,2,fp
drivers,2,fp
transportation,2,fp
tied,2,fp
planners,2,fp
crybaby,2,fp
kenosha,2,fp
masses,2,fp
rioters,2,fp
bot,2,fp
vt,2,fp
07,2,fp
dare,2,fp
sucks,2,fp
pejorative,2,fp
braindead,2,fp
victimhood,2,fp
survival,2,fp
humanity,2,fp
depend,2,fp
upon,2,fp
ccp,2,fp
gotcha,2,fp
humor,2,fp
ll,2,fp
diversity,2,fp
refugee,2,fp
spirit,2,fp
colonialism,2,fp
resistance,2,fp
bragging,2,fp
european,2,fp
describing,1,fp
wisconsin,1,fp
oriented,1,fp
says,1,fp
paraphrase,1,fp
viewpoint,1,fp
deranged,1,fp
oligarch,1,fp
implied,1,fp
pursue,1,fp
population,1,fp
agendas,1,fp
impoverishment,1,fp
collect,1,fp
crush,1,fp
poverty,1,fp
oligarchic,1,fp
suspicion,1,fp
area,1,fp
rejected,1,fp
deregulation,1,fp
ruling,1,fp
pessimism,1,fp
hungry,1,fp
deregulatory,1,fp
intended,1,fp
meant,1,fp
doom,1,fp
messaging,1,fp
produced,1,fp
producing,1,fp
laughed,1,fp
ridicule,1,fp
disaster,1,fp
connects,1,fp
skyrocketing,1,fp
18,1,fp
hours,1,fp
frequency,1,fp
strength,1,fp
weakness,1,fp
often,1,fp
fail,1,fp
harshest,1,fp
narrowing,1,fp
modifying,1,fp
vehicles,1,fp
politicized,1,fp
subjects,1,fp
ultimate,1,fp
unreliable,1,fp
frustrated,1,fp
primary,1,fp
secondary,1,fp
phenomenal,1,fp
promoted,1,fp
sold,1,fp
proposal,1,fp
sabers,1,fp
helpless,1,fp
graphic_violent_imagery,1,fp
imagery,1,fp
appears,1,fp
guts,1,fp
veins,1,fp
teeth,1,fp
quantifiers,1,fp
expanding,1,fp
formal,1,fp
plan,1,fp
set,1,fp
clear,1,fp
roadmap,1,fp
worsening,1,fp
worsen,1,fp
strangling,1,fp
burdens,1,fp
taxpayers,1,fp
serve,1,fp
mechanism,1,fp
mandate,1,fp
entirely,1,fp
exist,1,fp
candidates,1,fp
senate,1,fp
murderer,1,fp
electoral,1,fp
wide,1,fp
races,1,fp
organizations,1,fp
numbered,1,fp
four,1,fp
hold,1,fp
east,1,fp
israel,1,fp
geopolitical,1,fp
demonyms,1,fp
instrumentally,1,fp
ends,1,fp
indifference,1,fp
refugees,1,fp
promote,1,fp
enslavement,1,fp
preferences,1,fp
rake,1,fp
patents,1,fp
enslaved,1,fp
populist,1,fp
town,1,fp
account,1,fp
hated,1,fp
both,1,fp
jews,1,fp
muslims,1,fp
showing,1,fp
contrasting,1,fp
qualify,1,fp
motive,1,fp
setting,1,fp
muslim,1,fp
judicial,1,fp
appointments,1,fp
appointed,1,fp
ignoring,1,fp
favor,1,fp
sight,1,fp
distorts,1,fp
audiences,1,fp
achievement,1,fp
schools,1,fp
manipulated,1,fp
defends,1,fp
legislative,1,fp
abandoned,1,fp
elimination,1,fp
weighs,1,fp
impact,1,fp
matters,1,fp
starts,1,fp
abusers,1,fp
dramatic,1,fp
pause,1,fp
press,1,fp
excluded,1,fp
immediately,1,fp
excludes,1,fp
exclusionary,1,fp
exclusion,1,fp
majority,1,fp
comma,1,fp
separated,1,fp
beliefs,1,fp
predicates,1,fp
speak,1,fp
thoughts,1,fp
direction,1,fp
technology,1,fp
technologies,1,fp
costly,1,fp
inevitability,1,fp
obviously,1,fp
knows,1,fp
concept,1,fp
differing,1,fp
willfully,1,fp
obvious,1,fp
exists,1,fp
except,1,fp
contested,1,fp
100,1,fp
belief,1,fp
hot,1,fp
clueless,1,fp
asks,1,fp
explaining,1,fp
understanding,1,fp
politically,1,fp
opposed,1,fp
watching,1,fp
denied,1,fp
suddenly,1,fp
generations,1,fp
irreversible,1,fp
late,1,fp
drugs,1,fp
illegals,1,fp
vulgarity,1,fp
head,1,fp
dying,1,fp
everything,1,fp
foolish,1,fp
govern,1,fp
dire,1,fp
exploitation,1,fp
obamacare,1,fp
blocking,1,fp
comparisons,1,fp
upbeat,1,fp
produce,1,fp
valuation,1,fp
burdening,1,fp
overblown,1,fp
harder,1,fp
encourages,1,fp
conversation,1,fp
motivational,1,fp
pivotal,1,fp
moment,1,fp
emoji_symbolic_political_framing,1,fp
planet,1,fp
sparkle,1,fp
signal,1,fp
affectively,1,fp
deprecating,1,fp
las,1,fp
perspective,1,fp
faith,1,fp
breaking,1,fp
attacked,1,fp
gut,1,fp
disillusionment,1,fp
qualifying,1,fp
candor,1,fp
grief,1,fp
activism,1,fp
factor,1,fp
singlehandedly,1,fp
omissions,1,fp
speaking,1,fp
month,1,fp
reports,1,fp
behind,1,fp
uncertainty,1,fp
summer,1,fp
compressed,1,fp
worry,1,fp
whether,1,fp
seen,1,fp
definite,1,fp
improvement,1,fp
ridicules,1,fp
idiomatic,1,fp
rava,1,fp
smarmy,1,fp
governance,1,fp
environment,1,fp
demise,1,fp
avoid,1,fp
instruction,1,fp
negation,1,fp
pedophiles,1,fp
protected,1,fp
workers,1,fp
censorship,1,fp
censored,1,fp
deplatformed,1,fp
censoring,1,fp
vertical,1,fp
abuses,1,fp
gerund,1,fp
violations,1,fp
client,1,fp
privileges,1,fp
false,1,fp
preventability,1,fp
preventable,1,fp
defensive,1,fp
guy,1,fp
terrorism_or_hate_crime_framing,1,fp
terrorism,1,fp
confronted,1,fp
bathrooms,1,fp
hypothetical,1,fp
expectation,1,fp
supportive,1,fp
sympathy,1,fp
feel,1,fp
comply,1,fp
de,1,fp
escalate,1,fp
description,1,fp
shooter,1,fp
fucked,1,fp
teenager,1,fp
blew,1,fp
classful,1,fp
1st,1,fp
graders,1,fp
smithereens,1,fp
consistently,1,fp
qualifies,1,fp
possibly,1,fp
spineless,1,fp
blocked,1,fp
rachel,1,fp
maddow,1,fp
anyway,1,fp
fundraising,1,fp
leveraging,1,fp
reprehensible,1,fp
led,1,fp
entries,1,fp
frequent,1,fp
show,1,fp
rambling,1,fp
sending,1,fp
minimization,1,fp
symbolic,1,fp
needs,1,fp
military,1,fp
reduces,1,fp
barriers,1,fp
fewer,1,fp
roadblocks,1,fp
potential,1,fp
troop,1,fp
deploy,1,fp
wants,1,fp
executive,1,fp
militarized,1,fp
trigger,1,fp
happy,1,fp
anywhere,1,fp
incredible,1,fp
extremism,1,fp
correcting,1,fp
negated,1,fp
clauses,1,fp
organizing,1,fp
exercise,1,fp
exercising,1,fp
described,1,fp
alarm,1,fp
which,1,fp
ingroup,1,fp
mostly,1,fp
knowledge,1,fp
protects,1,fp
overreach,1,fp
bullying,1,fp
caring,1,fp
lead,1,fp
commitment,1,fp
empirical,1,fp
strictness,1,fp
interpretation,1,fp
thinks,1,fp
goes,1,fp
statistics,1,fp
holding,1,fp
arsenals,1,fp
absolutists,1,fp
ngl,1,fp
attempts,1,fp
worships,1,fp
distress,1,fp
frayed,1,fp
nerve,1,fp
tonight,1,fp
highly,1,fp
intensified,1,fp
constant,1,fp
ptsd,1,fp
restriction,1,fp
expressions,1,fp
bad,1,fp
timing,1,fp
prompt,1,fp
readers,1,fp
faction,1,fp
tragedies,1,fp
advance,1,fp
politicizing,1,fp
score,1,fp
points,1,fp
mentions,1,fp
securing,1,fp
comparing,1,fp
designation,1,fp
ar,1,fp
15s,1,fp
animals,1,fp
balance,1,fp
evens,1,fp
playing,1,fp
field,1,fp
derision,1,fp
somewhere,1,fp
elsewhere,1,fp
comparable,1,fp
objects,1,fp
knives,1,fp
bare,1,fp
brain,1,fp
pipeline,1,fp
approval,1,fp
held,1,fp
water,1,fp
pipelines,1,fp
created,1,fp
prices,1,fp
got,1,fp
dork,1,fp
subservience,1,fp
value,1,fp
critics,1,fp
veterans,1,fp
lobbying,1,fp
sellouts,1,fp
addressee,1,fp
special,1,fp
betraying,1,fp
soldiers,1,fp
selling,1,fp
rhythmic,1,fp
song_or_poetic_address_style,1,fp
poetic,1,fp
lyric,1,fp
sooo,1,fp
lengthening,1,fp
sooooo,1,fp
wild,1,fp
west,1,fp
predictable,1,fp
drug,1,fp
mixed,1,fp
sounding,1,fp
firepower,1,fp
wins,1,fp
preemptively,1,fp
counter,1,fp
euro,1,fp
stats,1,fp
softening,1,fp
sayin,1,fp
anticipated,1,fp
nyc,1,fp
richest,1,fp
man,1,fp
orchestrating,1,fp
pumps,1,fp
exerting,1,fp
cites,1,fp
zuckerberg,1,fp
steve,1,fp
placeholders,1,fp
budget,1,fp
forms,1,fp
branding,1,fp
geologist,1,fp
brewer,1,fp
officeholder,1,fp
heading,1,fp
innocence,1,fp
curse,1,fp
parties,1,fp
destroyed,1,fp
mourning,1,fp
combined,1,fp
rest,1,fp
peace,1,fp
versions,1,fp
36,1,fp
again,1,fp
thanks,1,fp
paying,1,fp
turning,1,fp
trend,1,fp
becoming,1,fp
norm,1,fp
introduce,1,fp
fearmongering,1,fp
identifies,1,fp
attitudes,1,fp
kind,1,fp
perfectly,1,fp
summative,1,fp
coddle,1,fp
blamed,1,fp
period,1,fp
utopia,1,fp
boys,1,fp
speculation_present,1,fp
speculates,1,fp
bankruptcy,1,fp
bankrupting,1,fp
reversal,1,fp
patriotic,1,fp
pursuing,1,fp
societal,1,fp
regressions,1,fp
curable,1,fp
diseases,1,fp
paid,1,fp
treat,1,fp
prohibitionist,1,fp
fragment,1,fp
continuing,1,fp
especially,1,fp
charged,1,fp
callousness,1,fp
items,1,fp
rotten,1,fp
stopping,1,fp
refuses,1,fp
moderation,1,fp
repetition,1,fp
sentences,1,fp
degrading,1,fp
denunciation,1,fp
indeed,1,fp
major,1,fp
dismissing,1,fp
mentality,1,fp
devoted,1,fp
dad,1,fp
agree,1,fp
justifies,1,fp
justifiably,1,fp
learned,1,fp
hard,1,fp
times,1,fp
praised_actor_type,1,fp
narions,1,fp
legality,1,fp
approximately,1,fp
polls,1,fp
suppressing,1,fp
votes,1,fp
passing,1,fp
speculation,1,fp
injury,1,fp
changing,1,fp
martyrdom,1,fp
intimidating,1,fp
intimidation,1,fp
strongly,1,fp
implying,1,fp
occur,1,fp
concedes,1,fp
counters,1,fp
uppercase,1,fp
accelerating,1,fp
accelerated,1,fp
sinking,1,fp
ship,1,fp
leaving,1,fp
dismiss,1,fp
listened,1,fp
experiential,1,fp
adult,1,fp
saw,1,fp
refute,1,fp
making,1,fp
generic,1,fp
formulation,1,fp
analogy_to_refute_gatekeeping,1,fp
reject,1,fp
match,1,fp
exact,1,fp
misguided,1,fp
policymakers,1,fp
demanding,1,fp
founders,1,fp
prescriptive,1,fp
shall,1,fp
infringed,1,fp
prescriptions,1,fp
prohibitively,1,fp
saved,1,fp
having,1,fp
foregrounded,1,fp
series,1,fp
abortions,1,fp
clinics,1,fp
extrajudicial_punishment_language,1,fp
execution,1,fp
process,1,fp
20th,1,fp
21st,1,fp
misuse,1,fp
modern,1,fp
contextually,1,fp
completely,1,fp
totally,1,fp
illegitimate,1,fp
dehumanizing,1,fp
disease,1,fp
affiliation,1,fp
moving,1,fp
selfishness,1,fp
foremost,1,fp
contaminating,1,fp
threat,1,fp
admitting,1,fp
virtue,1,fp
signaling,1,fp
disease_metaphor_for_political_group,1,fp
characterized,1,fp
minor,1,fp
confronting,1,fp
street,1,fp
mistreated,1,fp
criticize,1,fp
paired,1,fp
terminology,1,fp
enable,1,fp
conduct,1,fp
search,1,fp
residents,1,fp
vulnerable,1,fp
raids,1,fp
break,1,fp
home,1,fp
regulating,1,fp
ended,1,fp
mail,1,fp
deliveries,1,fp
disqualification,1,fp
restoration,1,fp
statute,1,fp
mock,1,fp
weaponization,1,fp
weaponized,1,fp
exception,1,fp
prohibited,1,fp
buyer,1,fp
branded,1,fp
75,1,fp
yrs,1,fp
dependent,1,fp
activity,1,fp
activities,1,fp
disinfo,1,fp
machines,1,fp
bigoil,1,fp
showed,1,fp
mocked,1,fp
cleaner,1,fp
kinder,1,fp
leaning,1,fp
acronyms,1,fp
prominent,1,fp
atf,1,fp
persecuted,1,fp
wrong,1,fp
skin,1,fp
color,1,fp
broke,1,fp
enter,1,fp
types,1,fp
concern,1,fp
racialized,1,fp
entry,1,fp
seizing,1,fp
shutting,1,fp
extended,1,fp
gov,1,fp
ts,1,fp
levels,1,fp
greenhouses,1,fp
undermining,1,fp
mongering,1,fp
bunch,1,fp
classmates,1,fp
tired,1,fp
pretending,1,fp
provide,1,fp
buying,1,fp
upbringing,1,fp
broader,1,fp
expressing,1,fp
exasperation,1,fp
continue,1,fp
thrall,1,fp
caving,1,fp
dodge,1,fp
connections,1,fp
disapproval,1,fp
actor,1,fp
adds,1,fp
enacted,1,fp
enforced,1,fp
signaled,1,fp
wording,1,fp
proof,1,fp
advocating,1,fp
dictators,1,fp
destructs,1,fp
defeated,1,fp
labeling,1,fp
allies,1,fp
generalizes,1,fp
devours,1,fp
name,1,fp
tasked,1,fp
wildfires,1,fp
category,1,fp
offender,1,fp
confiscated,1,fp
firefighting,1,fp
aircraft,1,fp
prescription,1,fp
pun_on_fire_context,1,fp
burns,1,fp
vulgar,1,fp
ahead,1,fp
absence,1,fp
absurd,1,fp
clown,1,fp
lying,1,fp
motivate,1,fp
intelligence,1,fp
lowercase,1,fp
repubs,1,fp
loaded,1,fp
clipped,1,fp
generalized,1,fp
civic,1,fp
oathbeakers,1,fp
sell,1,fp
punishments,1,fp
identifying,1,fp
exclamatory,1,fp
surprise,1,fp
won,1,fp
resign,1,fp
adamantly,1,fp
contempt,1,fp
member,1,fp
extremist,1,fp
distraction,1,fp
redistribute,1,fp
purposes,1,fp
pour,1,fp
allocation,1,fp
ideology,1,fp
decades,1,fp
reallocating,1,fp
waste,1,fp
infringe,1,fp
closing,1,fp
earl,1,fp
urgency,1,fp
statistical,1,fp
number,1,fp
urgent,1,fp
causality,1,fp
deserved,1,fp
exploitative,1,fp
expense,1,fp
venting,1,fp
attorneys,1,fp
posed,1,fp
conviction,1,fp
prosecutors,1,fp
da,1,fp
dictate,1,fp
dictating,1,fp
legitimacy,1,fp
autos,1,fp
hunting,1,fp
urban_rural_authenticity_framing,1,fp
expertise,1,fp
touched,1,fp
rifle,1,fp
listing,1,fp
multi,1,fp
package,1,fp
adopting,1,fp
function,1,fp
malign,1,fp
deprived,1,fp
nationalist,1,fp
market,1,fp
closed,1,fp
type,1,fp
necessary,1,fp
lament,1,fp
definitely,1,fp
coverage,1,fp
localities,1,fp
count,1,fp
authorities,1,fp
shameful,1,fp
gets,1,fp
buried,1,fp
overcovered,1,fp
labeled,1,fp
outlet,1,fp
stock,1,fp
stocks,1,fp
opportunistic,1,fp
plot,1,fp
full,1,fp
memory,1,fp
dynamics,1,fp
title,1,fp
patrol,1,fp
origin,1,fp
founding,1,fp
ratification,1,fp
version,1,fp
revisionist,1,fp
origins,1,fp
liberty,1,fp
presidential,1,fp
brazen,1,fp
blatant,1,fp
administration,1,fp
mirrored,1,fp
meanwhile,1,fp
high,1,fp
density,1,fp
surrounding,1,fp
spewing,1,fp
profiting,1,fp
30,1,fp
years,1,fp
torches,1,fp
talking,1,fp
abbreviated,1,fp
caricaturing,1,fp
assimilate,1,fp
integrate,1,fp
cowards,1,fp
aside,1,fp
wait,1,fp
ask,1,fp
immigrant,1,fp
heck,1,fp
older,1,fp
elected,1,fp
normative,1,fp
probably,1,fp
rid,1,fp
covered,1,fp
fragmentary,1,fp
constitutional_amendment_removal_framing,1,fp
eliminate,1,fp
autonomy,1,fp
traded,1,fp
worth,1,fp
causal_purpose_clause,1,fp
justify,1,fp
programs,1,fp
taxation,1,fp
abolition,1,fp
10,1,fp
trillion,1,fp
dollar,1,fp
endorsement,1,fp
investments,1,fp
invested,1,fp
prisons,1,fp
stances,1,fp
2019,1,fp
abolish,1,fp
preventing,1,fp
preferable,1,fp
pessimistic,1,fp
persistence,1,fp
resigned,1,fp
strip,1,fp
citizen,1,fp
vaccine,1,fp
mifepristone,1,fp
cancer,1,fp
paleontology,1,fp
landing,1,fp
landed,1,fp
1969,1,fp
continued,1,fp
evangelical,1,fp
laments,1,fp
connecting,1,fp
contradictory,1,fp
ironically,1,fp
endorsed,1,fp
literally,1,fp
begins,1,fp
proposition,1,fp
brilliant,1,fp
strategy,1,fp
rate,1,fp
heating,1,fp
faster,1,fp
prior,1,fp
natural,1,fp
appeals,1,fp
basis,1,fp
reads,1,fp
selectively,1,fp
forgetting,1,fp
forget,1,fp
dishonesty,1,fp
skeptic,1,fp
massively,1,fp
exaggerated,1,fp
lax,1,fp
sided,1,fp
fears,1,fp
embeds,1,fp
objection,1,fp
asking,1,fp
seems,1,fp
heard,1,fp
pedestrian,1,fp
pedestrians,1,fp
centered,1,fp
maintains,1,fp
dependence,1,fp
patterns,1,fp
fifa,1,fp
fans,1,fp
warned,1,fp
engineers,1,fp
protests,1,fp
brought,1,fp
hero,1,fp
alliterative,1,fp
judge,1,fp
leniency,1,fp
funded,1,fp
das,1,fp
burned,1,fp
nice,1,fp
profile,1,fp
virginia,1,fp
2007,1,fp
evaluates,1,fp
broadly,1,fp
lost,1,fp
brother,1,fp
indignation,1,fp
addressed,1,fp
user,1,fp
controlling,1,fp
decide,1,fp
lawmakers,1,fp
written,1,fp
writers,1,fp
concerns,1,fp
networks,1,fp
everytown,1,fp
manufacturers,1,fp
manufacturer,1,fp
checklist,1,fp
lethal,1,fp
intense,1,fp
ongoing,1,fp
impunity,1,fp
live,1,fp
throughout,1,fp
topics,1,fp
theories,1,fp
space,1,fp
lasers,1,fp
shaped,1,fp
campaigns,1,fp
elevates,1,fp
essential,1,fp
operatives,1,fp
treaties,1,fp
regions,1,fp
tpp,1,fp
trade,1,fp
china,1,fp
asia,1,fp
sequential,1,fp
next,1,fp
withdrawing,1,fp
tore,1,fp
attacking,1,fp
handed,1,fp
cash,1,fp
disability,1,fp
white,1,fp
boats,1,fp
australian,1,fp
denialist,1,fp
builds,1,fp
indictment,1,fp
countries,1,fp
existentially,1,fp
fighting,1,fp
existence,1,fp
colonial,1,fp
moralizing,1,fp
benefited,1,fp
tremendously,1,fp
during,1,fp
crises,1,fp
commentators,1,fp
boast,1,fp
socialist,1,fp
smug,1,fp
